{
  "total_files": 10,
  "successful": 10,
  "failed": 0,
  "success_rate": 100.0,
  "duplicates_found": 0,
  "average_quality": 0.8427572026426429,
  "processing_time": "2025-08-07T17:40:24.351459"
}