{
  "total_files": 480,
  "successful": 480,
  "failed": 0,
  "success_rate": 100.0,
  "duplicates_found": 449,
  "average_quality": 0.8040675789362801,
  "processing_time": "2025-08-07T16:47:03.454334"
}