{
  "total_files": 10,
  "successful": 10,
  "failed": 0,
  "success_rate": 100.0,
  "duplicates_found": 0,
  "average_quality": 0.8345493344261887,
  "processing_time": "2025-08-07T13:56:38.026103"
}